book,project,asin,format,current_amazon_state,companion_exists,companion_url,companion_value,printed_url_present,printed_urls,companion_page,dedicated_companion_page,other_mention_pages,qr_present,qr_side_in,qr_percent_of_page_height,qr_module_mm,amazon_back_matter,valice_reference,author_bio_correct,domain_correct,pdf_metadata_ok,page_count_old,page_count_new,page_count_changed,spine_in_old,spine_in_new,cover_update_required,spine_update_required,rebuilt_cover_available,revised_interior,revision_reason,kdp_upload_required,proof_recommended,hold_reason,kdp_linkage_status,decision,required_action,why,source_file,evidence,last_checked
"codex-mythologica","CODEX_MYTHOLOGICA","B0HCY8KY3X","paperback","live","yes","https://valicepress.com/companion/codex-mythologica","Reading companion · Theme index","yes","valicepress.com/companion/codex-mythologica","330","yes","","yes","2.12","23.6","1.633","yes — “of the Amazons. She gave it to him willingly. Hera, in the form of an Amazon, ran through the camp shouting “He has come to steal her!”, and the w”","yes","approved","yes","yes","329","330","yes","0.8225","0.8250","rebuild correct (inside tolerance)","yes","/home/emre/Downloads/MY-DİGİTAL-BOOK/CODEX_MYTHOLOGICA/03_COVER/PAPERBACK/exports/","yes","","yes","yes","KDP Select runs to 2026-11-03 (handbook O5). On that date the interiors are reopened anyway so the ebook can be sold here; these files go up in the same pass. Pulling three live editions before then buys nothing.","COMPLETE","next_revision","none","Three live print editions and the widest audience. The companion (reading companion + theme index) is live as of 2026-09-03; the interiors have no blank final page, so printing the URL adds a leaf and changes the spine. Do it on 2026-11-03 when the KDP Select term lapses and the interior is reopened for the direct edition anyway — one revision, two reasons.","/home/emre/Downloads/MY-DİGİTAL-BOOK/CODEX_MYTHOLOGICA/04_PRINT/PAPERBACK/CODEX_MYTHOLOGICA_INTERIOR_PAPERBACK.pdf","docs/execution/phase-5/kdp-packages/codex-mythologica/paperback/UPLOAD.md","2026-09-03"
"codex-mythologica","CODEX_MYTHOLOGICA","B0HDBFZRQ4","hardcover","live","yes","https://valicepress.com/companion/codex-mythologica","Reading companion · Theme index","yes","valicepress.com/companion/codex-mythologica","330","yes","","yes","2.12","23.6","1.633","yes — “of the Amazons. She gave it to him willingly. Hera, in the form of an Amazon, ran through the camp shouting “He has come to steal her!”, and the w”","yes","approved","yes","yes","329","330","yes","0.8225","0.8250","rebuild correct (inside tolerance)","yes","/home/emre/Downloads/MY-DİGİTAL-BOOK/CODEX_MYTHOLOGICA/03_COVER/HARDCOVER/exports/","yes","","yes","yes","KDP Select runs to 2026-11-03 (handbook O5). On that date the interiors are reopened anyway so the ebook can be sold here; these files go up in the same pass. Pulling three live editions before then buys nothing.","COMPLETE","next_revision","none","Three live print editions and the widest audience. The companion (reading companion + theme index) is live as of 2026-09-03; the interiors have no blank final page, so printing the URL adds a leaf and changes the spine. Do it on 2026-11-03 when the KDP Select term lapses and the interior is reopened for the direct edition anyway — one revision, two reasons.","/home/emre/Downloads/MY-DİGİTAL-BOOK/CODEX_MYTHOLOGICA/04_PRINT/HARDCOVER/CODEX_MYTHOLOGICA_INTERIOR_HARDCOVER.pdf","docs/execution/phase-5/kdp-packages/codex-mythologica/hardcover/UPLOAD.md","2026-09-03"
"codex-mythologica","CODEX_MYTHOLOGICA","B0HDDR84MF","large_print","live","yes","https://valicepress.com/companion/codex-mythologica","Reading companion · Theme index","yes","valicepress.com/companion/codex-mythologica","579","yes","","yes","2.12","23.6","1.633","yes — “of the Amazons. She gave it to him willingly. Hera, in the form of an Amazon, ran through the camp shouting “He has come to steal her!”, and the w”","yes","approved","yes","yes","578","579","yes","1.4450","1.4475","rebuild correct (inside tolerance)","yes","/home/emre/Downloads/MY-DİGİTAL-BOOK/CODEX_MYTHOLOGICA/03_COVER/LARGEPRINT/exports/","yes","","yes","yes","KDP Select runs to 2026-11-03 (handbook O5). On that date the interiors are reopened anyway so the ebook can be sold here; these files go up in the same pass. Pulling three live editions before then buys nothing.","COMPLETE","next_revision","none","Three live print editions and the widest audience. The companion (reading companion + theme index) is live as of 2026-09-03; the interiors have no blank final page, so printing the URL adds a leaf and changes the spine. Do it on 2026-11-03 when the KDP Select term lapses and the interior is reopened for the direct edition anyway — one revision, two reasons.","/home/emre/Downloads/MY-DİGİTAL-BOOK/CODEX_MYTHOLOGICA/04_PRINT/LARGEPRINT/CODEX_MYTHOLOGICA_INTERIOR_LARGEPRINT.pdf","docs/execution/phase-5/kdp-packages/codex-mythologica/large_print/UPLOAD.md","2026-09-03"
"codex-bestiarium","CODEX_BESTIARIUM","B0HDLQHQ7H","paperback","live","yes","https://valicepress.com/companion/codex-bestiarium","Motif index · Creature index · Kin chart · Traditions index","yes","valicepress.com/companion/codex-bestiarium","436","yes","","yes","2.08","23.1","1.597","yes — “down by something that belongs to the trees and is not human. In the Amazon the same figure is on the forest’s side, and it is not benign. A hunt”","yes","non-canonical","yes","yes","435","436","yes","1.0875","1.0900","rebuild correct (inside tolerance)","yes","/home/emre/Downloads/MY-DİGİTAL-BOOK/CODEX_BESTIARIUM/03_COVER/PAPERBACK/exports/","yes","","yes","yes","Four live listings whose 'Legendary Creatures' count still reads 120 and must read 112 (handbook O4). That correction needs a KDP visit for every edition anyway; this interior and its rebuilt cover ride along with it, one review cycle instead of two.","COMPLETE","next_revision","replace with the Founder's approved biography at the next revision (no false claim found)","The companion (motif, creature, kin and traditions indexes) is live as of 2026-09-03. The 435-page interiors end on a full sources page with no blank leaf; adding the URL adds a page and a new cover. Bundle with the '120 → 112' listing correction (handbook O4), which needs a KDP visit anyway.","/home/emre/Downloads/MY-DİGİTAL-BOOK/CODEX_BESTIARIUM/04_PRINT/PAPERBACK/CODEX_BESTIARIUM_INTERIOR_PAPERBACK.pdf","docs/execution/phase-5/kdp-packages/codex-bestiarium/paperback/UPLOAD.md","2026-09-03"
"codex-bestiarium","CODEX_BESTIARIUM","B0HDLLPG5M","hardcover","live","yes","https://valicepress.com/companion/codex-bestiarium","Motif index · Creature index · Kin chart · Traditions index","yes","valicepress.com/companion/codex-bestiarium","436","yes","","yes","2.08","23.1","1.597","yes — “down by something that belongs to the trees and is not human. In the Amazon the same figure is on the forest’s side, and it is not benign. A hunt”","yes","non-canonical","yes","yes","435","436","yes","1.0875","1.0900","rebuild correct (inside tolerance)","yes","/home/emre/Downloads/MY-DİGİTAL-BOOK/CODEX_BESTIARIUM/03_COVER/HARDCOVER/exports/","yes","","yes","yes","Four live listings whose 'Legendary Creatures' count still reads 120 and must read 112 (handbook O4). That correction needs a KDP visit for every edition anyway; this interior and its rebuilt cover ride along with it, one review cycle instead of two.","COMPLETE","next_revision","replace with the Founder's approved biography at the next revision (no false claim found)","The companion (motif, creature, kin and traditions indexes) is live as of 2026-09-03. The 435-page interiors end on a full sources page with no blank leaf; adding the URL adds a page and a new cover. Bundle with the '120 → 112' listing correction (handbook O4), which needs a KDP visit anyway.","/home/emre/Downloads/MY-DİGİTAL-BOOK/CODEX_BESTIARIUM/04_PRINT/HARDCOVER/CODEX_BESTIARIUM_INTERIOR_HARDCOVER.pdf","docs/execution/phase-5/kdp-packages/codex-bestiarium/hardcover/UPLOAD.md","2026-09-03"
"codex-bestiarium","CODEX_BESTIARIUM","B0HDLT1V3P","large_print","live","yes","https://valicepress.com/companion/codex-bestiarium","Motif index · Creature index · Kin chart · Traditions index","yes","valicepress.com/companion/codex-bestiarium","600","yes","","yes","2.08","23.1","1.597","yes — “down by something that belongs to the trees and is not human. In the Amazon the same figure is on the forest’s side, and it is not benign. A hunt”","yes","non-canonical","yes","yes","599","600","yes","1.4975","1.5000","rebuild correct (inside tolerance)","yes","/home/emre/Downloads/MY-DİGİTAL-BOOK/CODEX_BESTIARIUM/03_COVER/LARGEPRINT/exports/","yes","","yes","yes","Four live listings whose 'Legendary Creatures' count still reads 120 and must read 112 (handbook O4). That correction needs a KDP visit for every edition anyway; this interior and its rebuilt cover ride along with it, one review cycle instead of two.","COMPLETE","next_revision","replace with the Founder's approved biography at the next revision (no false claim found)","The companion (motif, creature, kin and traditions indexes) is live as of 2026-09-03. The 435-page interiors end on a full sources page with no blank leaf; adding the URL adds a page and a new cover. Bundle with the '120 → 112' listing correction (handbook O4), which needs a KDP visit anyway.","/home/emre/Downloads/MY-DİGİTAL-BOOK/CODEX_BESTIARIUM/04_PRINT/LARGEPRINT/CODEX_BESTIARIUM_INTERIOR_LARGEPRINT.pdf","docs/execution/phase-5/kdp-packages/codex-bestiarium/large_print/UPLOAD.md","2026-09-03"
"the-great-book-of-world-myths","THE-GREAT-BOOK-OF-WORLD-MYTHS","B0HDTL5V2H","paperback","live","yes","https://valicepress.com/companion/world-myths","The world map, full size · Culture cards · Say these names · Who's who","yes","valicepress.com/companion/world-myths","233","yes","","yes","2.069","23.0","1.594","no","yes","approved","yes","yes","234","234","no","0.5850","0.5850","no","no","not needed","yes","the half-page 'THE MAP, FULL SIZE' note of 2026-09-03 — a one-inch code low on the page with a caption beside it","yes","no","","COMPLETE","update_now","none","The strongest companion case in the catalogue, and the cheapest interior: the map-note page (p. 233) was half empty and p. 234 blank, so the companion block and QR fit with the book still at 234 pages — interior swap only, covers untouched. The approved biography rides along on p. 231.","/home/emre/Downloads/MY-DİGİTAL-BOOK/THE-GREAT-BOOK-OF-WORLD-MYTHS/08_OUTPUT/paperback/interior.pdf","docs/execution/phase-5/kdp-packages/the-great-book-of-world-myths/paperback/UPLOAD.md","2026-09-03"
"the-great-book-of-world-myths","THE-GREAT-BOOK-OF-WORLD-MYTHS","B0HDZJ4PHQ","hardcover","live","yes","https://valicepress.com/companion/world-myths","The world map, full size · Culture cards · Say these names · Who's who","yes","valicepress.com/companion/world-myths","233","yes","","yes","2.069","23.0","1.594","no","yes","approved","yes","yes","234","234","no","0.5850","0.5850","no","no","not needed","yes","the half-page 'THE MAP, FULL SIZE' note of 2026-09-03 — a one-inch code low on the page with a caption beside it","yes","no","","COMPLETE","update_now","none","The strongest companion case in the catalogue, and the cheapest interior: the map-note page (p. 233) was half empty and p. 234 blank, so the companion block and QR fit with the book still at 234 pages — interior swap only, covers untouched. The approved biography rides along on p. 231.","/home/emre/Downloads/MY-DİGİTAL-BOOK/THE-GREAT-BOOK-OF-WORLD-MYTHS/08_OUTPUT/hardcover/interior.pdf","docs/execution/phase-5/kdp-packages/the-great-book-of-world-myths/hardcover/UPLOAD.md","2026-09-03"
"the-great-book-of-world-games","THE-GREAT-BOOK-OF-WORLD-GAMES","B0HG3KMK9L","paperback","live","yes","https://valicepress.com/companion/world-games","Game index · Quick-reference cards · Score sheets · Boards pack","yes","valicepress.com/companion/world-games","160","yes","","yes","2.932","26.7","2.256","no","yes","approved","yes","yes","160","160","no","0.3603","0.3603","no","no","not needed","yes","the weak companion note of 2026-09-02 — a text block at the top of an otherwise empty page, no code","yes","no","","COMPLETE","update_now","none","Paperback and hardcover rebuilt 2026-09-02 with the companion page on the blank final leaf, still 160 pages; waiting on the Founder's upload (handbook U1). The large print is in KDP review and is not touched until it is live.","/home/emre/Downloads/MY-DİGİTAL-BOOK/THE-GREAT-BOOK-OF-WORLD-GAMES/08_OUTPUT/PAPERBACK/GreatBookOfWorldGames_interior_paperback.pdf","docs/execution/phase-5/kdp-packages/the-great-book-of-world-games/paperback/UPLOAD.md","2026-09-03"
"the-great-book-of-world-games","THE-GREAT-BOOK-OF-WORLD-GAMES","B0HG41F21F","hardcover","live","yes","https://valicepress.com/companion/world-games","Game index · Quick-reference cards · Score sheets · Boards pack","yes","valicepress.com/companion/world-games","160","yes","","yes","2.932","26.7","2.256","no","yes","approved","yes","yes","160","160","no","0.3603","0.3603","no","no","not needed","yes","the weak companion note of 2026-09-02 — a text block at the top of an otherwise empty page, no code","yes","no","","COMPLETE","update_now","none","Paperback and hardcover rebuilt 2026-09-02 with the companion page on the blank final leaf, still 160 pages; waiting on the Founder's upload (handbook U1). The large print is in KDP review and is not touched until it is live.","/home/emre/Downloads/MY-DİGİTAL-BOOK/THE-GREAT-BOOK-OF-WORLD-GAMES/08_OUTPUT/HARDCOVER/GreatBookOfWorldGames_interior_hardcover.pdf","docs/execution/phase-5/kdp-packages/the-great-book-of-world-games/hardcover/UPLOAD.md","2026-09-03"
"the-great-book-of-world-games","THE-GREAT-BOOK-OF-WORLD-GAMES","","large_print","in_review","yes","https://valicepress.com/companion/world-games","Game index · Quick-reference cards · Score sheets · Boards pack","yes","valicepress.com/companion/world-games","233","yes","","yes","2.932","26.7","2.256","no","yes","approved","yes","yes","232","233","yes","0.5225","0.5247","rebuild correct (inside tolerance)","yes","no — the block moved 232 → 233 pp, so the wrap needs a new spine, but this project's covers.py takes the page count from 06_REPORTS/interior-largeprint.json, which has recorded 234 pages since before this phase while the built block was 232. Only re-running 04_BUILD/interior.py regenerates that report and its pagemap. Do it at the first revision after this edition leaves KDP review, then run covers.py.","yes","","yes","yes","IN KDP REVIEW since 2026-09-02, and the cover cannot be rebuilt from here. The block moves 232 → 233 pages, so the wrap needs a new spine — but this project's cover pipeline reads `06_REPORTS/interior-largeprint.json`, which has recorded 234 pages since before this phase while the built block was 232 (a pre-existing divergence, reported as a finding). Only re-running `04_BUILD/interior.py` regenerates that report and its pagemap. So: at the first revision after this edition goes live, run interior.py → covers.py, and take the companion page through the pipeline's own companion block rather than as a splice. The invented biography, which was the other defect, is already fixed and is page-neutral.","IN_REVIEW","update_now","none — wait for the review","Paperback and hardcover rebuilt 2026-09-02 with the companion page on the blank final leaf, still 160 pages; waiting on the Founder's upload (handbook U1). The large print is in KDP review and is not touched until it is live.","/home/emre/Downloads/MY-DİGİTAL-BOOK/THE-GREAT-BOOK-OF-WORLD-GAMES/08_OUTPUT/LARGEPRINT/GreatBookOfWorldGames_interior_largeprint.pdf","docs/execution/phase-5/kdp-packages/the-great-book-of-world-games/large_print/UPLOAD.md","2026-09-03"
"the-myth-hunters-field-book","THE-MYTH-HUNTERS-FIELD-BOOK","B0HFP4KYX5","paperback","live","yes","https://valicepress.com/companion/myth-hunters-field-book","Quest log · Culture cards · Spare certificate","yes","valicepress.com/companion/myth-hunters-field-book","156","yes","","yes","2.88","26.2","2.213","no","yes","absent","yes","yes","156","156","no","0.3513","0.3513","no","no","not needed","yes","the second of two identical ruled 'Field Notes' pages — the reader keeps one and gains a destination","yes","no","","COMPLETE","next_revision","none","The companion (quest log, culture cards, spare certificate) is live as of 2026-09-03. The interior also carries broken PDF metadata (untitled / anonymous) and two ruled Field Notes pages; the URL can sit on the first Field Notes page header without changing the count, so the next build fixes both. Not started: the Field Book pipeline has not been run this phase and a 156-page illustrated rebuild is a proof-level change.","/home/emre/Downloads/MY-DİGİTAL-BOOK/THE-MYTH-HUNTERS-FIELD-BOOK/08_OUTPUT/PAPERBACK/interior.pdf","docs/execution/phase-5/kdp-packages/the-myth-hunters-field-book/paperback/UPLOAD.md","2026-09-03"
"the-myth-hunters-field-book","","","hardcover","coming_soon (not uploaded)","yes","https://valicepress.com/companion/myth-hunters-field-book","Quest log · Culture cards · Spare certificate","no","","","no","","","","","","no","no","","yes","","","","","","","","","not needed","no","","no","","","BLOCKED","next_revision","register the built interior in scripts/factory/print-interiors.mjs","The companion (quest log, culture cards, spare certificate) is live as of 2026-09-03. The interior also carries broken PDF metadata (untitled / anonymous) and two ruled Field Notes pages; the URL can sit on the first Field Notes page header without changing the count, so the next build fixes both. Not started: the Field Book pipeline has not been run this phase and a 156-page illustrated rebuild is a proof-level change.","","","2026-09-03"
"korean-hangul-handwriting-workbook","09_OUTPUT","B0HHHWXGG4","paperback","live","yes","https://valicepress.com/companion/hangul","Hangul practice grid (원고지 style) · Stroke-order practice boxes · Thirty-lesson progress tracker","yes","valicepress.com/companion/hangul","125","yes","122","yes","2.85","25.9","2.504","no","yes","absent","yes","yes","124","126","yes","0.2792","0.2838","rebuild correct (inside tolerance)","yes","/home/emre/Downloads/MY-DİGİTAL-BOOK/KOREAN-HANGUL-HANDWRITING-WORKBOOK/05_APLUS_COVER/exports/paperback_cover.pdf","yes","the grey box at the foot of p.122, which was the fourth thing on that page","yes","yes","","COMPLETE","update_now","none","The companion is live and the interior is already being reopened for the Founder's confirmation (handbook U2). A callout on the closing-notes page (p. 122) carries the URL with the book still at 124 pages — no spine change.","/home/emre/Downloads/MY-DİGİTAL-BOOK/KOREAN-HANGUL-HANDWRITING-WORKBOOK/09_OUTPUT/FINAL/paperback/paperback_interior_8.5x11_126pp.pdf","docs/execution/phase-5/kdp-packages/korean-hangul-handwriting-workbook/paperback/UPLOAD.md","2026-09-03"
"korean-hangul-handwriting-workbook","09_OUTPUT","","hardcover","in_review","yes","https://valicepress.com/companion/hangul","Hangul practice grid (원고지 style) · Stroke-order practice boxes · Thirty-lesson progress tracker","yes","valicepress.com/companion/hangul","125","yes","122","yes","2.85","25.9","2.504","no","yes","absent","yes","yes","124","126","yes","0.2792","0.2838","rebuild correct (inside tolerance)","yes","no — this project pins the hardcover wrap to a value the Founder read out of KDP's Cover Calculator, and that value is page-count independent — re-running the builder at 126 pp reproduces the 124 pp wrap. The house standard forbids deriving a hardcover wrap. Founder action: run the calculator at 126 pp / 8.25 × 11 / white, paste the three numbers into project_config.json → formats.hardcover.kdp_calculator, re-run 06_BUILD/build_cover.py --format hardcover.","yes","the grey box at the foot of p.122, which was the fourth thing on that page","yes","yes","In KDP review, and its wrap geometry is not derivable here. This project records the hardcover wrap as a value the Founder read out of KDP's own Cover Calculator (`project_config.json → formats.hardcover.kdp_calculator`), pinned and independent of page count — so re-running the builder at 126 pages reproduces the 124-page wrap rather than a new one. The house standard says a hardcover wrap is read from the calculator and never derived, so this one needs five minutes in the calculator at 126 pp / 8.25 × 11 / white before it can be rebuilt. The paperback has no such dependency and its cover was rebuilt.","IN_REVIEW","update_now","none — wait for the review","The companion is live and the interior is already being reopened for the Founder's confirmation (handbook U2). A callout on the closing-notes page (p. 122) carries the URL with the book still at 124 pages — no spine change.","/home/emre/Downloads/MY-DİGİTAL-BOOK/KOREAN-HANGUL-HANDWRITING-WORKBOOK/09_OUTPUT/FINAL/hardcover/hardcover_interior_8.25x11_126pp.pdf","docs/execution/phase-5/kdp-packages/korean-hangul-handwriting-workbook/hardcover/UPLOAD.md","2026-09-03"
"the-puzzles-of-henry-dudeney","MY-DİGİTAL-BOOK","","paperback","coming_soon (not uploaded)","yes","https://valicepress.com/companion/dudeney","Twelve puzzle sheets · Hints booklet","yes","valicepress.com/companion/dudeney | valicepress.com","144","yes","4","yes","2.22","24.7","1.941","no","yes","absent","yes","yes","144","144","no","0.3243","0.3243","no","no","not needed","yes","an empty page carrying only a running head; the book's single companion mention was one line inside the imprint on p.4","yes","no","","COMPLETE","already_done","none","Typeset after the companion existed and prints its URL. The template for the rest.","/home/emre/Downloads/MY-DİGİTAL-BOOK/THE-PUZZLES-OF-HENRY-DUDENEY/OUTPUT/interior-main.pdf","docs/execution/phase-5/kdp-packages/the-puzzles-of-henry-dudeney/paperback/UPLOAD.md","2026-09-03"
"codex-enigmatica","CODEX-ENIGMATICA","B0HGSVF15Q","paperback","live","no","","","yes","valicepress.com/codex-enigmatica/verify","274","yes","","yes","2.083","23.1","1.606","no","yes","absent","yes","yes","274","274","no","0.6850","0.6850","no","no","not needed","yes","the existing verification page, which printed the address in body type and carried no code","yes","no","","COMPLETE","already_done","none","Prints valicepress.com/codex-enigmatica/verify — the page that checks the book's single hidden word. Reader utility first, no email, no data wall. The pattern every other title copies.","/home/emre/Downloads/MY-DİGİTAL-BOOK/CODEX-ENIGMATICA/08_OUTPUT/PAPERBACK/interior.pdf","docs/execution/phase-5/kdp-packages/codex-enigmatica/paperback/UPLOAD.md","2026-09-03"
"codex-enigmatica","CODEX-ENIGMATICA","B0HH3B4HQ7","hardcover","live","no","","","yes","valicepress.com/codex-enigmatica/verify","276","yes","275","yes","2.083","23.1","1.606","no","yes","absent","yes","yes","276","276","no","0.6900","0.6900","no","no","not needed","yes","an empty final leaf; the hardcover's verification page is p.275 and stays as it is","yes","no","","COMPLETE","already_done","none","Prints valicepress.com/codex-enigmatica/verify — the page that checks the book's single hidden word. Reader utility first, no email, no data wall. The pattern every other title copies.","/home/emre/Downloads/MY-DİGİTAL-BOOK/CODEX-ENIGMATICA/08_OUTPUT/HARDCOVER/interior.pdf","docs/execution/phase-5/kdp-packages/codex-enigmatica/hardcover/UPLOAD.md","2026-09-03"
